{"cameraMode":{"drawMode":0,"name":"Shaded","section":"Shading Mode"},"sceneLighting":true,"audioPlay":false,"sceneViewState":{"showFog":true,"showMaterialUpdate":false,"showSkybox":true,"showFlares":true,"showImageEffects":true,"showParticleSystems":true},"in2DMode":false,"pivot":{"x":-8.811325073242188,"y":0.9186726808547974,"z":5.422904014587402},"rotation":{"x":-0.03340911492705345,"y":0.10831844061613083,"z":0.003549274057149887,"w":0.9936166405677795},"size":19.09488296508789,"orthographic":true}