{"cameraMode":{"drawMode":0,"name":"Shaded","section":"Shading Mode"},"sceneLighting":false,"audioPlay":false,"sceneViewState":{"showFog":true,"showMaterialUpdate":false,"showSkybox":false,"showFlares":true,"showImageEffects":true,"showParticleSystems":true},"in2DMode":false,"pivot":{"x":-2.9680001735687258,"y":-0.25,"z":1.3550001382827759},"rotation":{"x":-0.10118108242750168,"y":0.4797029495239258,"z":-0.05579010769724846,"w":-0.8698064088821411},"size":3.5409276485443117,"orthographic":true}