{"cameraMode":{"drawMode":0,"name":"Shaded","section":"Shading Mode"},"sceneLighting":false,"audioPlay":false,"sceneViewState":{"showFog":true,"showMaterialUpdate":false,"showSkybox":false,"showFlares":true,"showImageEffects":true,"showParticleSystems":true},"in2DMode":false,"pivot":{"x":-2.5349998474121095,"y":-1.25,"z":0.8700000047683716},"rotation":{"x":0.33487385511398318,"y":-0.37567707896232607,"z":0.1477152705192566,"w":0.851454496383667},"size":1.2320977449417115,"orthographic":true}